{"cameraMode":{"drawMode":0,"name":"Shaded","section":"Shading Mode"},"sceneLighting":false,"audioPlay":false,"sceneViewState":{"showFog":true,"showMaterialUpdate":false,"showSkybox":false,"showFlares":true,"showImageEffects":true,"showParticleSystems":true},"in2DMode":false,"pivot":{"x":-13.319999694824219,"y":-12.020000457763672,"z":-5.710000038146973},"rotation":{"x":-0.03379799798130989,"y":0.9390468001365662,"z":-0.32828137278556826,"w":-0.09666161239147186},"size":2.1421520709991457,"orthographic":false}