{"cameraMode":{"drawMode":0,"name":"Shaded","section":"Shading Mode"},"sceneLighting":false,"audioPlay":false,"sceneViewState":{"showFog":true,"showMaterialUpdate":false,"showSkybox":false,"showFlares":true,"showImageEffects":true,"showParticleSystems":true},"in2DMode":false,"pivot":{"x":-44.593299865722659,"y":9.421794891357422,"z":27.429248809814454},"rotation":{"x":0.11033771932125092,"y":0.8557905554771423,"z":-0.20264968276023866,"w":0.4632551968097687},"size":1.6071066856384278,"orthographic":false}